,ons_code,euref,constituency,revoke_sign_count,nodeal_sign_count,election,electorate,majority,resultOfElection,turnout
0,E14000582,0.756498714,Boston and Skegness,2048,1428,2017 General Election,68402,16572,Con Hold,42879
1,E14001011,0.7418521816562779,Walsall North,1389,776,2017 General Election,67308,2601,Con Gain,38118
2,E14000642,0.730439705,Clacton,2053,1163,2017 General Election,68566,15828,Con Gain,44145
3,E14000933,0.729955717,South Basildon and East Thurrock,2642,1249,2017 General Election,73537,11490,Con Hold,47120
4,E14000771,0.72831563,Kingston upon Hull East,1785,778,2017 General Election,65959,10396,Lab Hold,36638
5,E14000622,0.7269939242,Castle Point,2429,1220,2017 General Election,69470,18872,Con Hold,44710
6,E14000973,0.721235856,Stoke-on-Trent North,1937,827,2017 General Election,71558,2359,Lab Hold,41786
7,E14000669,0.716506861,Doncaster North,2020,1084,2017 General Election,72377,14024,Lab Hold,42312
8,E14000717,0.7150494733,Great Yarmouth,2498,1249,2017 General Election,71408,7973,Con Hold,44146
9,E14000716,0.7144662955490191,Great Grimsby,1754,936,2017 General Election,61743,2565,Lab Hold,35521
10,E14000671,0.7143022555694503,Dudley North,1597,649,2017 General Election,62043,22,Lab Hold,38910
11,E14000974,0.711074062,Stoke-on-Trent South,1876,846,2017 General Election,66057,663,Con Gain,41690
12,E14000939,0.710714432,South Holland and The Deepings,3060,1249,2017 General Election,76374,24897,Con Hold,50315
13,E14000542,0.709849935,Barnsley East,1831,988,2017 General Election,69214,13283,Lab Hold,40776
14,E14000810,0.7086291353,Mansfield,2683,1198,2017 General Election,77811,1057,Con Gain,50157
15,E14000535,0.704728888,Ashfield,2555,1145,2017 General Election,78076,441,Lab Hold,49993
16,E14000672,0.7041731848716297,Dudley South,1895,738,2017 General Election,61323,7730,Con Hold,38244
17,E14000577,0.703942464,Bolsover,2625,1000,2017 General Election,73429,5288,Lab Hold,46519
18,E14000657,0.703479569,Dagenham and Rainham,2693,852,2017 General Election,70616,4652,Lab Hold,45843
19,E14001028,0.702792954,Wentworth and Dearne,2098,1121,2017 General Election,74890,14803,Lab Hold,43947
20,E14000995,0.702553097,Thurrock,3570,1221,2017 General Election,78154,345,Con Hold,50325
21,E14000733,0.6956832972,Hartlepool,2047,981,2017 General Election,70718,7650,Lab Hold,41835
22,E14000643,0.69503821,Cleethorpes,2458,1157,2017 General Election,72711,10400,Con Hold,47844
23,E14000751,0.6949469368065605,Hornchurch and Upminster,4291,1179,2017 General Election,80802,17723,Con Hold,56045
24,E14000842,0.693543227,North East Cambridgeshire,3895,1261,2017 General Election,84414,21270,Con Hold,53284
25,E14000900,0.692856491611962,Romford,3973,998,2017 General Election,73493,13778,Con Hold,49944
26,E14000836,0.6925528289025221,"Normanton, Pontefract and Castleford",2736,1255,2017 General Election,81641,14499,Lab Hold,49191
27,E14000798,0.6889943,Louth and Horncastle,3230,1512,2017 General Election,79007,19641,Con Hold,52771
28,E14000618,0.6886035313,Cannock Chase,2413,1063,2017 General Election,74540,8391,Con Hold,47872
29,E14000914,0.686755472,Scunthorpe,2080,852,2017 General Election,61578,3431,Lab Hold,40202
30,E14001030,0.686708936,West Bromwich West,1542,615,2017 General Election,65967,4460,Lab Hold,36094
31,E14000667,0.684864372,Don Valley,2533,1001,2017 General Election,73990,5169,Lab Hold,45988
32,E14000904,0.683459631396763,Rotherham,1782,786,2017 General Election,63237,11387,Lab Hold,37923
33,E14000546,0.68322755,Bassetlaw,3014,1213,2017 General Election,78540,4852,Lab Hold,52250
34,E14000541,0.681881304,Barnsley Central,2355,838,2017 General Election,64204,15546,Lab Hold,39087
35,E14001029,0.681750179,West Bromwich East,1700,479,2017 General Election,63846,7713,Lab Hold,39098
36,E14001050,0.6814495630492144,Wolverhampton South East,1515,477,2017 General Election,60301,8514,Lab Hold,36304
37,E14000740,0.6812554559161971,Hemsworth,2737,963,2017 General Election,71870,10174,Lab Hold,45944
38,E14000773,0.679906801,Kingston upon Hull West and Hessle,2455,729,2017 General Election,60181,8025,Lab Hold,34565
39,E14000573,0.678141246,Blackpool South,1981,891,2017 General Election,58470,2523,Lab Hold,34953
40,E14000531,0.6779634957938896,Aldridge-Brownhills,2222,744,2017 General Election,60363,14307,Con Hold,40235
41,E14000854,0.6776303,North Warwickshire,2705,1082,2017 General Election,72277,8510,Con Hold,47178
42,E14000729,0.677323179,Harlow,3387,914,2017 General Election,67699,7031,Con Hold,44846
43,E14001049,0.6770525192764657,Wolverhampton North East,1720,612,2017 General Election,60770,4587,Lab Hold,36508
44,E14000891,0.676748838,Redcar,2018,1095,2017 General Election,66836,9485,Lab Hold,42560
45,E14000888,0.676526737,Rayleigh and Wickford,3933,1221,2017 General Election,78556,23450,Con Hold,55323
46,E14000544,0.671358773,Basildon and Billericay,3948,989,2017 General Election,69149,13400,Con Hold,44918
47,E14000572,0.669103424,Blackpool North and Cleveleys,2426,933,2017 General Election,63967,2023,Con Hold,41007
48,E14000903,0.667219886405547,Rother Valley,2938,1056,2017 General Election,75230,3882,Lab Hold,49488
49,E14000668,0.667048397,Doncaster Central,2860,991,2017 General Election,71718,10131,Lab Hold,43024
50,E14000952,0.666739569,South West Norfolk,3934,1301,2017 General Election,77874,18312,Con Hold,52416
51,E14000609,0.6661279897,Burnley,2110,940,2017 General Election,64709,6353,Lab Hold,40290
52,E14000722,0.66589868,Halesowen and Rowley Regis,2860,765,2017 General Election,68856,5253,Con Hold,44379
53,E14000879,0.6644024004,"Plymouth, Moor View",2692,1179,2017 General Election,69342,5019,Con Hold,45417
54,E14000970,0.663249694,Stockton North,2413,947,2017 General Election,66285,8715,Lab Hold,42731
55,E14000920,0.663178181,Sheffield South East,2574,856,2017 General Election,68945,11798,Lab Hold,43596
56,E14000596,0.662269169,Brigg and Goole,2535,1137,2017 General Election,66069,12363,Con Hold,45057
57,E14000989,0.66191034,Telford,3172,992,2017 General Election,68106,720,Con Hold,44686
58,E14000819,0.6608364663848866,Middlesbrough,2257,710,2017 General Election,61059,13873,Lab Hold,35637
59,E14000986,0.659923587,Tamworth,3163,1088,2017 General Election,71308,12347,Con Hold,47110
60,E14000677,0.659633748,Easington,1698,860,2017 General Election,62385,14892,Lab Hold,36364
61,E14000758,0.658191278,Hyndburn,2331,974,2017 General Election,73111,5815,Lab Hold,45202
62,E14000859,0.657782861,North West Norfolk,3653,947,2017 General Election,72062,13788,Con Hold,48811
63,E14000606,0.655347732,Broxbourne,4053,832,2017 General Election,73502,15792,Con Hold,47485
64,E14000715,0.6537720795,Gravesham,3935,1026,2017 General Election,72954,9347,Con Hold,48997
65,E14000927,0.653644888,Sittingbourne and Sheppey,3598,1363,2017 General Election,81717,15211,Con Hold,51389
66,E14000533,0.652991247,Amber Valley,3098,938,2017 General Election,68065,8300,Con Hold,45811
67,E14000820,0.652655298,Middlesbrough South and East Cleveland,3009,1125,2017 General Election,72336,1020,Con Gain,47620
68,E14000558,0.652551375,Bexleyheath and Crayford,3943,913,2017 General Election,65315,9073,Con Hold,45189
69,E14000945,0.6524281718789728,South Staffordshire,2960,987,2017 General Election,73441,22733,Con Hold,51109
70,E14000852,0.651825616,North Thanet,4585,1134,2017 General Election,72651,10738,Con Hold,48325
71,E14000805,0.649100879,Makerfield,2858,950,2017 General Election,74259,13542,Lab Hold,46933
72,E14000972,0.648466478,Stoke-on-Trent Central,2433,619,2017 General Election,56915,3897,Lab Hold,33145
73,E14000610,0.647931575,Burton,3760,844,2017 General Election,73954,10047,Con Hold,49911
74,E14000576,0.64792305,Bognor Regis and Littlehampton,4645,1181,2017 General Election,75827,17494,Con Hold,51352
75,E14000966,0.646904325,Staffordshire Moorlands,3244,797,2017 General Election,63260,10830,Con Hold,44655
76,E14000868,0.645059931,Nuneaton,3026,898,2017 General Election,69201,4739,Con Hold,46067
77,E14000961,0.640636337,St Austell and Newquay,5164,1313,2017 General Election,78609,11142,Con Hold,54212
78,E14000659,0.639834539,Dartford,4720,1085,2017 General Election,78506,13186,Con Hold,54224
79,E14000626,0.639053918,Chatham and Aylesford,3511,984,2017 General Election,70419,10458,Con Hold,44890
80,E14000866,0.6380805601,Nottingham North,2586,630,2017 General Election,66886,11160,Lab Hold,38319
81,E14000883,0.6369341445681705,Portsmouth North,4007,1118,2017 General Election,71374,9965,Con Hold,47210
82,E14000898,0.6368812299374894,Rochester and Strood,5030,1151,2017 General Election,82702,9850,Con Hold,53769
83,E14000976,0.6366398328043966,Stourbridge,3380,862,2017 General Election,70215,7654,Con Hold,47135
84,E14000683,0.636621847,East Yorkshire,4009,1322,2017 General Election,81065,15006,Con Hold,53956
85,E14000924,0.636577392,Sherwood,4013,1130,2017 General Election,76196,5198,Con Hold,53364
86,E14000711,0.6358208955223881,Gillingham and Rainham,3741,1031,2017 General Election,72903,9430,Con Hold,48868
87,E14000588,0.6356121775069772,Bradford South,2198,838,2017 General Election,67752,6700,Lab Hold,41049
88,E14001022,0.63414219,Waveney,3928,1173,2017 General Election,80763,9215,Con Hold,52674
89,E14000785,0.632878009,Leigh,3301,919,2017 General Election,76202,9554,Lab Hold,46874
90,E14001034,0.632487003,West Suffolk,5282,1063,2017 General Election,77348,17063,Con Hold,51746
91,E14000695,0.632237912,Erewash,4108,921,2017 General Election,72995,4534,Con Hold,49781
92,E14000875,0.631542958,Pendle,2397,919,2017 General Election,64962,1279,Con Hold,44854
93,E14001058,0.6314547474,Wyre Forest,3875,991,2017 General Election,77758,13334,Con Hold,51129
94,E14000579,0.630276743,Bolton South East,2267,696,2017 General Election,68886,13126,Lab Hold,42323
95,E14001025,0.630196654,Wellingborough,4387,1083,2017 General Election,79254,12460,Con Hold,53240
96,E14000670,0.630096124,Dover,4928,1310,2017 General Election,74564,6437,Con Hold,51966
97,E14000561,0.63,"Birmingham, Erdington",2592,629,2017 General Election,65067,7285,Lab Hold,37217
98,E14001039,0.629588907,Wigan,3446,922,2017 General Election,75359,16027,Lab Hold,47542
99,E14001009,0.6276506724901525,Wakefield,3540,941,2017 General Election,70340,2176,Lab Hold,46284
100,E14000878,0.626801331,Peterborough,4485,880,2017 General Election,71522,607,Lab Gain,47738
101,E14000736,0.62617908,Havant,4429,1056,2017 General Election,72470,15956,Con Hold,46314
102,E14000999,0.62453668,Torbay,4574,1236,2017 General Election,75931,14283,Con Hold,51174
103,E14000754,0.6243418578412937,Houghton and Sunderland South,2402,943,2017 General Election,68123,12341,Lab Hold,41480
104,E14000869,0.624304876,Old Bexley and Sidcup,4637,951,2017 General Election,66005,15466,Con Hold,48042
105,E14000747,0.6242561163764602,Heywood and Middleton,3480,1019,2017 General Election,79901,7617,Lab Hold,49865
106,N06000012,0.6222445695897023,North Antrim,3187,576,2017 General Election,75657,20643,DUP Hold,48460
107,E14000595,0.620639832,Bridgwater and West Somerset,5153,1184,2017 General Election,89294,15448,Con Hold,58267
108,E14000944,0.6205253266511545,South Shields,2637,804,2017 General Election,63433,14508,Lab Hold,40772
109,E14000843,0.620516723,North East Derbyshire,3757,908,2017 General Election,72097,2860,Con Gain,50380
110,W07000072,0.6202804437,Blaenau Gwent,1676,503,2017 General Election,51227,11907,Lab Hold,32384
111,E14000707,0.619558242,Gainsborough,4095,1201,2017 General Election,75893,17023,Con Hold,51425
112,E14000762,0.6194633409,Isle of Wight,7887,1595,2017 General Election,110683,21069,Con Hold,74479
113,E14001020,0.6185133239831697,Washington and Sunderland West,2625,890,2017 General Election,67280,12940,Lab Hold,40574
114,E14000713,0.618151926,Gosport,4018,1348,2017 General Election,74152,17211,Con Hold,49481
115,E14000537,0.6180980255110956,Ashton-under-Lyne,2998,762,2017 General Election,65751,11295,Lab Hold,39773
116,E14000565,0.618,"Birmingham, Northfield",3949,785,2017 General Election,72322,4667,Lab Hold,44348
117,W07000048,0.617925537,Swansea East,2873,600,2017 General Election,58521,13168,Lab Hold,35159
118,E14000765,0.617773494,Jarrow,3142,779,2017 General Election,64778,17263,Lab Hold,43023
119,E14000948,0.61691047,South Thanet,6088,1155,2017 General Election,72334,6387,Con Hold,49753
120,E14000834,0.616449863,Newcastle-under-Lyme,3770,857,2017 General Election,65596,30,Lab Hold,43842
121,E14000704,0.616404102,Folkestone and Hythe,6677,1462,2017 General Election,86272,15411,Con Hold,58875
122,E14001012,0.6163527586970973,Walsall South,2475,536,2017 General Election,67417,8892,Lab Hold,44072
123,E14001016,0.616275351,Warley,2887,415,2017 General Election,63739,16483,Lab Hold,40206
124,E14000929,0.615831667,Sleaford and North Hykeham,5418,1479,2017 General Election,90929,25237,Con Hold,65797
125,E14000590,0.615156402,Braintree,4658,1075,2017 General Election,75316,18422,Con Hold,52326
126,E14000778,0.61444348,Leeds East,2945,664,2017 General Election,65950,12752,Lab Hold,41441
127,E14000663,0.613534511,Derby South,3474,658,2017 General Election,69918,11248,Lab Hold,45306
128,E14000913,0.6131829,Scarborough and Whitby,4170,1009,2017 General Election,73599,3435,Con Hold,50449
129,E14000871,0.6130829723705791,Oldham West and Royton,2305,688,2017 General Election,72401,17198,Lab Hold,45788
130,E14000594,0.611892869,Brentwood and Ongar,5515,1093,2017 General Election,75067,24002,Con Hold,52910
131,E14000693,0.610112858,Epping Forest,5922,893,2017 General Election,74737,18243,Con Hold,50779
132,E14001053,0.61010184,Workington,3032,780,2017 General Election,60265,3925,Lab Hold,41676
133,E14000714,0.609959141,Grantham and Stamford,5574,1397,2017 General Election,81740,20094,Con Hold,56593
134,E14000892,0.609899582,Redditch,3780,918,2017 General Election,64413,7363,Con Hold,45203
135,E14000769,0.6098836886,Kettering,4518,1059,2017 General Election,71440,10562,Con Hold,49404
136,E14000661,0.6098402815376286,Denton and Reddish,3504,732,2017 General Election,67674,14077,Lab Hold,39599
137,E14000806,0.609560321,Maldon,4308,1216,2017 General Election,71470,23430,Con Hold,50202
138,E14000899,0.609203445,Rochford and Southend East,4755,1062,2017 General Election,73501,5548,Con Hold,47248
139,E14000569,0.608859751,Bishop Auckland,2977,847,2017 General Election,67661,502,Lab Hold,43281
140,E14000583,0.608293639,Bosworth,4811,1122,2017 General Election,81661,18351,Con Hold,56168
141,W07000053,0.607752165,Torfaen,2814,646,2017 General Election,61839,10240,Lab Hold,38429
142,E14000858,0.6069847772,North West Leicestershire,4642,970,2017 General Election,75362,13286,Con Hold,53541
143,E14000876,0.606512766,Penistone and Stocksbridge,4223,996,2017 General Election,71293,1322,Lab Hold,49787
144,E14000620,0.606437746,Carlisle,3306,908,2017 General Election,62294,2599,Con Hold,43056
145,E14000816,0.605981283,Mid Norfolk,5521,1096,2017 General Election,80027,16086,Con Hold,55668
146,E14000575,0.604948533,Blyth Valley,2998,888,2017 General Election,63415,7915,Lab Hold,42490
147,E14001045,0.604684297,Witham,4742,964,2017 General Election,69137,18646,Con Hold,49241
148,W07000052,0.604499008,Rhondda,1907,426,2017 General Election,50514,13746,Lab Hold,32936
149,E14000743,0.604175582,Hereford and South Herefordshire,5615,929,2017 General Election,71088,15013,Con Hold,50484
150,E14000935,0.6035100097,South Derbyshire,4641,1047,2017 General Election,76380,11970,Con Hold,52631
151,E14000840,0.60304872,North Durham,3150,804,2017 General Election,66970,12939,Lab Hold,43284
152,E14000959,0.60299599,Spelthorne,6301,929,2017 General Election,72641,13425,Con Hold,50115
153,E14000955,0.602947341,"Southampton, Itchen",6284,872,2017 General Election,71722,31,Con Hold,46783
154,E14000653,0.602891232,Crewe and Nantwich,5272,994,2017 General Election,78895,48,Lab Gain,55027
155,E14000861,0.6027129,Northampton North,3989,715,2017 General Election,58861,807,Con Hold,40378
156,E14000837,0.601925003,North Cornwall,5221,996,2017 General Election,68844,7200,Con Hold,50944
157,E14000827,0.601781451,New Forest East,5638,1005,2017 General Election,72602,21995,Con Hold,51366
158,E14000648,0.601468893,Corby,5506,1178,2017 General Election,83020,2690,Con Hold,59997
159,W07000049,0.60124484,Aberavon,2319,510,2017 General Election,49892,16761,Lab Hold,33268
160,E14000568,0.601,"Birmingham, Yardley",2788,552,2017 General Election,72581,16574,Lab Hold,44502
161,E14000540,0.599748796,Barking,3932,522,2017 General Election,77022,21608,Lab Hold,47679
162,E14000921,0.599736792,"Sheffield, Brightside and Hillsborough",3408,701,2017 General Election,70344,19143,Lab Hold,41870
163,E14000638,0.599639612,Christchurch,4971,1010,2017 General Election,70309,25171,Con Hold,50634
164,E14000982,0.5993816529371485,Sunderland Central,3514,867,2017 General Election,72728,9997,Lab Hold,45111
165,E14000870,0.5992043445314473,Oldham East and Saddleworth,3553,775,2017 General Election,72184,8182,Lab Hold,47037
166,W07000062,0.598838563,Clwyd South,3081,539,2017 General Election,53729,4356,Lab Hold,37474
167,E14001060,0.598655446,Yeovil,5478,1142,2017 General Election,82916,14723,Con Hold,59404
168,E14000536,0.598619474,Ashford,6899,1281,2017 General Election,87387,17478,Con Hold,59879
169,E14000849,0.598481185,North Shropshire,4960,1147,2017 General Election,80535,16355,Con Hold,55599
170,E14000826,0.598172774,Morley and Outwood,4438,1083,2017 General Election,76495,2104,Con Hold,52357
171,E14001054,0.5979113324328138,Worsley and Eccles South,4382,833,2017 General Election,73689,8379,Lab Hold,45642
172,E14000772,0.597896657,Kingston upon Hull North,3623,717,2017 General Election,64665,14322,Lab Hold,37122
173,E14000548,0.596283976,Batley and Spen,3112,892,2017 General Election,80161,8961,Lab Hold,53780
174,E14000853,0.595207188,North Tyneside,4731,998,2017 General Election,78914,19284,Lab Hold,51892
175,E14000936,0.594456091,South Dorset,5424,1091,2017 General Election,72323,11695,Con Hold,51906
176,E14000915,0.594357506,Sedgefield,2767,870,2017 General Election,63889,6059,Lab Hold,41591
177,E14000818,0.593865282,Mid Worcestershire,5352,986,2017 General Election,76057,23326,Con Hold,55089
178,W07000055,0.593309312,Newport East,3287,629,2017 General Election,57233,8003,Lab Hold,36820
179,E14000992,0.593223132,The Wrekin,4004,858,2017 General Election,68604,9564,Con Hold,49523
180,E14000632,0.592932532,Chesterfield,4074,817,2017 General Election,72069,9605,Lab Hold,47927
181,E14000967,0.5929072930063884,Stalybridge and Hyde,3980,835,2017 General Election,71409,8084,Lab Hold,42457
182,E14000647,0.591965837,Copeland,3290,882,2017 General Election,61751,1695,Con Gain,42927
183,E14000800,0.591531961,Luton North,2940,433,2017 General Election,66811,14364,Lab Hold,46622
184,E14000734,0.589955845,Harwich and North Essex,5905,1050,2017 General Election,71294,14356,Con Hold,51141
185,E14000862,0.589952188,Northampton South,4424,760,2017 General Election,61766,1159,Con Hold,41034
186,W07000077,0.58939917,Islwyn,2505,573,2017 General Election,56256,11412,Lab Hold,36093
187,E14000902,0.589357362,Rossendale and Darwen,4084,1064,2017 General Election,72486,3216,Con Hold,50156
188,W07000074,0.589024508,Ogmore,2798,553,2017 General Election,57125,13871,Lab Hold,37204
189,E14000723,0.5882165334240517,Halifax,3349,845,2017 General Election,71224,5376,Lab Hold,48276
190,E14000712,0.58812171,Gloucester,5298,977,2017 General Election,82965,5520,Con Hold,54071
191,E14000812,0.5880843467588976,Meriden,5382,960,2017 General Election,81443,19198,Con Hold,54643
192,E14000556,0.587394756,Beverley and Holderness,4664,1215,2017 General Election,80657,14042,Con Hold,55638
193,E14000894,0.587308918,Ribble Valley,5098,1023,2017 General Election,77968,13199,Con Hold,55200
194,E14000700,0.58670455,Faversham and Mid Kent,6165,936,2017 General Election,66425,17413,Con Hold,49749
195,E14000905,0.586175818,Rugby,5717,946,2017 General Election,72175,8212,Con Hold,51336
196,E14000660,0.585894934,Daventry,6303,1125,2017 General Election,75268,21734,Con Hold,55663
197,E14000652,0.584136714,Crawley,5155,832,2017 General Election,73425,2457,Con Hold,50273
198,E14000616,0.584128528,Camborne and Redruth,5370,856,2017 General Election,68419,1577,Con Hold,48456
199,E14000848,0.584002867,North Norfolk,4651,1024,2017 General Election,69271,3512,LD Hold,52188
200,E14000962,0.583928578,St Helens North,3825,806,2017 General Election,76088,18406,Lab Hold,50222
201,E14000650,0.5837436,Coventry North West,4893,762,2017 General Election,75196,8580,Lab Hold,49849
202,W07000071,0.583543388,Merthyr Tydfil and Rhymney,2099,530,2017 General Election,55463,16334,Lab Hold,33545
203,E14000688,0.583419781,Ellesmere Port and Neston,4513,685,2017 General Election,68666,11390,Lab Hold,50939
204,E14000737,0.582450013,Hayes and Harlington,3762,488,2017 General Election,73268,18115,Lab Hold,47802
205,E14000825,0.581856206,Morecambe and Lunesdale,4201,827,2017 General Election,66818,1399,Con Hold,45657
206,E14000940,0.581420532,South Leicestershire,5143,932,2017 General Election,78985,18631,Con Hold,56689
207,E14000578,0.581127597,Bolton North East,3180,757,2017 General Election,67233,3797,Lab Hold,45183
208,E14000658,0.580996502,Darlington,3725,820,2017 General Election,66341,3280,Lab Hold,44817
209,E14000949,0.580834155,South West Bedfordshire,6122,970,2017 General Election,79658,14168,Con Hold,55635
210,E14001017,0.580743911,Warrington North,4302,836,2017 General Election,71918,9582,Lab Hold,48517
211,W07000043,0.580533688,Alyn and Deeside,4050,675,2017 General Election,63013,5235,Lab Hold,44760
212,E14000847,0.580189343,North Herefordshire,5968,911,2017 General Election,67751,21602,Con Hold,50177
213,E14000530,0.5789776574136763,Aldershot,5744,975,2017 General Election,76205,11473,Con Hold,48950
214,E14000705,0.578888968,Forest of Dean,5201,796,2017 General Election,70898,9502,Con Hold,51767
215,E14000799,0.578840184,Ludlow,5266,869,2017 General Election,68034,19286,Con Hold,49970
216,E14000625,0.578746718,Charnwood,4823,828,2017 General Election,78071,16341,Con Hold,55176
217,E14000996,0.578205268,Tiverton and Honiton,6689,1042,2017 General Election,80731,19801,Con Hold,57815
218,E14000649,0.577745682,Coventry North East,3672,645,2017 General Election,75759,15580,Lab Hold,46508
219,E14000971,0.577643917,Stockton South,4019,1025,2017 General Election,75625,888,Lab Gain,53824
220,E14000585,0.577317666,Bournemouth West,6397,951,2017 General Election,73195,7711,Con Hold,44507
221,E14000557,0.577212146,Bexhill and Battle,6966,1278,2017 General Election,81331,22165,Con Hold,59472
222,E14000725,0.576668684,Halton,3797,773,2017 General Election,73457,25405,Lab Hold,49518
223,E14000917,0.576526008,Selby and Ainsty,5453,1170,2017 General Election,75918,13772,Con Hold,56076
224,W07000044,0.575742546,Wrexham,3121,461,2017 General Election,49881,1832,Lab Hold,35092
225,E14000684,0.575444606,Eastbourne,6936,1089,2017 General Election,78754,1609,LD Gain,57420
226,E14000872,0.5754149842978914,Orpington,6196,956,2017 General Election,67902,19461,Con Hold,50461
227,E14000975,0.575352222,Stone,3981,990,2017 General Election,67824,17495,Con Hold,50032
228,E14000791,0.575089022,Lichfield,5102,920,2017 General Election,74430,18581,Con Hold,53524
229,E14000965,0.574625083,Stafford,4853,929,2017 General Election,68445,7729,Con Hold,51924
230,E14000897,0.5745003587168187,Rochdale,2817,734,2017 General Election,78064,14819,Lab Hold,50044
231,E14000792,0.574326337,Lincoln,5825,978,2017 General Election,73111,1538,Lab Gain,48718
232,E14000881,0.574193151,Poole,6177,1005,2017 General Election,73796,14209,Con Hold,49850
233,E14000851,0.572856138,North Swindon,5740,994,2017 General Election,80168,8335,Con Hold,54911
234,E14000543,0.572787064,Barrow and Furness,3533,800,2017 General Election,69474,209,Lab Hold,47590
235,E14001038,0.57201446,Weston-super-Mare,6248,1137,2017 General Election,82136,11544,Con Hold,56415
236,E14001000,0.571897604,Torridge and West Devon,6408,1148,2017 General Election,80524,20686,Con Hold,59480
237,E14001007,0.571873736,Uxbridge and South Ruislip,6026,681,2017 General Election,69936,5034,Con Hold,46694
238,E14000923,0.571613101,"Sheffield, Heeley",5837,642,2017 General Election,68040,13828,Lab Hold,44226
239,E14000666,0.571465485,Dewsbury,4017,956,2017 General Election,81343,3321,Lab Hold,56545
240,E14000774,0.571216387,Kingswood,5412,694,2017 General Election,69368,7500,Con Hold,48741
241,E14000815,0.570831648,Mid Dorset and North Poole,5520,916,2017 General Election,65050,15339,Con Hold,48254
242,E14000838,0.5703847943,North Devon,5588,983,2017 General Election,75801,4332,Con Hold,55705
243,E14000968,0.570369086,Stevenage,5270,786,2017 General Election,70765,3386,Con Hold,49327
244,E14000855,0.56934097,North West Cambridgeshire,7129,1368,2017 General Election,93221,18008,Con Hold,63991
245,E14000954,0.568813673,South West Wiltshire,6403,1065,2017 General Election,76898,18326,Con Hold,54751
246,E14000833,0.568289241,Newcastle upon Tyne North,5842,771,2017 General Election,66073,10349,Lab Hold,48288
247,E14000689,0.56793101,Elmet and Rothwell,5951,933,2017 General Election,80291,9805,Con Hold,59542
248,E14000637,0.56745851,Chorley,5048,1033,2017 General Election,76404,7512,Lab Hold,55634
249,W07000070,0.567322317,Cynon Valley,2070,553,2017 General Election,51334,13238,Lab Hold,31802
250,E14000706,0.56728643,Fylde,4381,938,2017 General Election,65937,11805,Con Hold,46467
251,E14000863,0.567266216,Norwich North,6027,664,2017 General Election,66924,507,Con Hold,45895
252,W07000045,0.566745967,Llanelli,3150,708,2017 General Election,59434,12024,Lab Hold,40342
253,E14000943,0.566389437,South Ribble,5100,1044,2017 General Election,75752,7421,Con Hold,54833
254,E14000839,0.566086028,North Dorset,6543,1032,2017 General Election,76324,25777,Con Hold,55724
255,W07000060,0.565590817,Vale of Clwyd,2965,640,2017 General Election,56890,2379,Lab Gain,38684
256,E14000761,0.565157235,Ipswich,6044,845,2017 General Election,75668,836,Lab Gain,51154
257,E14000993,0.56432781,Thirsk and Malton,5699,1048,2017 General Election,78670,19001,Con Hold,55929
258,E14000710,0.562974291,Gedling,5813,773,2017 General Election,71223,4694,Lab Hold,51682
259,E14001014,0.56289907,Wansbeck,3210,822,2017 General Election,62151,10435,Lab Hold,42454
260,E14000621,0.56261214,Carshalton and Wallington,6627,703,2017 General Election,70849,1369,LD Hold,50753
261,E14000709,0.56223255,Gateshead,4669,707,2017 General Election,65186,17350,Lab Hold,42103
262,E14000574,0.561246243,Blaydon,4585,859,2017 General Election,68459,13477,Lab Hold,48084
263,E14000963,0.560537411,St Helens South and Whiston,4137,759,2017 General Election,79036,24343,Lab Hold,52886
264,E14001055,0.560165191,Worthing West,6980,925,2017 General Election,77757,12090,Con Hold,54503
265,E14000835,0.560133703,Newton Abbot,6151,1033,2017 General Election,71714,17160,Con Hold,51637
266,E14000735,0.559372394,Hastings and Rye,8067,1109,2017 General Election,78319,346,Con Hold,54766
267,E14000701,0.5593200537414569,Feltham and Heston,4524,525,2017 General Election,81714,15603,Lab Hold,53027
268,E14000804,0.559171965,Maidstone and The Weald,6771,930,2017 General Election,75334,17723,Con Hold,51717
269,W07000063,0.558429442,Montgomeryshire,3595,582,2017 General Election,50755,9285,Con Hold,34891
270,E14000829,0.557006959,Newark,6142,1049,2017 General Election,75510,18149,Con Hold,55042
271,E14000885,0.556726597,Preston,3225,585,2017 General Election,57791,15723,Lab Hold,35597
272,E14000580,0.555540265,Bolton West,4296,900,2017 General Election,72797,936,Con Hold,51054
273,N06000016,0.5552837805746853,Strangford,3507,539,2017 General Election,64327,18343,DUP Hold,38749
274,E14000699,0.555201073,Fareham,6240,1096,2017 General Election,78837,21555,Con Hold,57014
275,E14000739,0.55486562,Hemel Hempstead,6885,1018,2017 General Election,74415,9445,Con Hold,52282
276,E14000605,0.5536512794,Bromsgrove,5915,889,2017 General Election,73571,16573,Con Hold,54040
277,W07000065,0.553168878,Preseli Pembrokeshire,4190,751,2017 General Election,58554,314,Con Hold,42197
278,E14000554,0.552978154,Berwick-upon-Tweed,4142,896,2017 General Election,58807,11781,Con Hold,42212
279,E14000828,0.552576565,New Forest West,5995,849,2017 General Election,68786,23431,Con Hold,49627
280,E14000724,0.552317096,Haltemprice and Howden,4479,916,2017 General Election,71519,15405,Con Hold,51440
281,E14000981,0.552125757,Suffolk Coastal,7640,972,2017 General Election,79366,16012,Con Hold,58074
282,E14000877,0.552024096,Penrith and The Border,5010,870,2017 General Election,65139,15910,Con Hold,46470
283,N06000005,0.5519075701047057,East Antrim,3668,664,2017 General Election,62908,15923,DUP Hold,38143
284,W07000066,0.551631174,Carmarthen West and South Pembrokeshire,3803,743,2017 General Election,58565,3110,Con Hold,42226
285,E14000587,0.5515782933881336,Bradford East,2458,611,2017 General Election,70389,20540,Lab Hold,45622
286,W07000076,0.551359713,Caerphilly,3737,646,2017 General Election,64381,12078,Lab Hold,41297
287,E14000938,0.550987058,South East Cornwall,5808,1266,2017 General Election,71880,17443,Con Hold,53224
288,E14000950,0.550762028,South West Devon,5605,1057,2017 General Election,71260,15816,Con Hold,52857
289,E14000957,0.5507458096263264,Southend West,5420,887,2017 General Election,67677,10000,Con Hold,47191
290,E14000856,0.550462004,North West Durham,3907,984,2017 General Election,71918,8792,Lab Hold,47902
291,E14001033,0.549508129,West Lancashire,5118,744,2017 General Election,73257,11689,Lab Hold,54389
292,E14000624,0.548911911,Central Suffolk and North Ipswich,6444,962,2017 General Election,78116,17185,Con Hold,56524
293,E14000581,0.547996745,Bootle,5262,526,2017 General Election,72872,36200,Lab Hold,50288
294,E14000964,0.547660454,St Ives,6569,1031,2017 General Election,67145,312,Con Hold,51226
295,E14000857,0.547548756,North West Hampshire,7260,1065,2017 General Election,81430,22679,Con Hold,58772
296,E14000895,0.547104369,Richmond (Yorks),5593,1179,2017 General Election,80905,23108,Con Hold,57013
297,E14000696,0.546308785,Erith and Thamesmead,4158,716,2017 General Election,69724,10014,Lab Hold,44464
298,E14000801,0.545971778,Luton South,3697,447,2017 General Election,67188,13925,Lab Hold,46133
299,E14000612,0.545117526,Bury South,5636,749,2017 General Election,73715,5965,Lab Hold,50990
300,W07000042,0.544088866,Delyn,3503,618,2017 General Election,54090,4240,Lab Hold,39418
301,E14000880,0.5440523532,"Plymouth, Sutton and Devonport",7943,1054,2017 General Election,76584,6807,Lab Gain,51208
302,E14001051,0.5436750207863167,Wolverhampton South West,3478,459,2017 General Election,59971,2185,Lab Hold,42346
303,E14000685,0.543458993,Eastleigh,6970,895,2017 General Election,81212,14179,Con Hold,57280
304,E14000662,0.542503796,Derby North,5677,760,2017 General Election,69919,2015,Lab Gain,48672
305,E14000681,0.541993428,East Surrey,8531,1104,2017 General Election,82004,23914,Con Hold,59203
306,E14001057,0.541988663,Wyre and Preston North,4690,833,2017 General Election,72319,12246,Con Hold,52646
307,E14000603,0.54100848,Broadland,5936,928,2017 General Election,77334,15816,Con Hold,55971
308,E14000782,0.540619991,Leicester East,2599,278,2017 General Election,77788,22428,Lab Hold,52424
309,E14000930,0.54056915,Slough,4907,470,2017 General Election,83272,16998,Lab Hold,54295
310,E14000918,0.540405142,Sevenoaks,7987,937,2017 General Election,71565,21917,Con Hold,51218
311,E14000946,0.540262007,South Suffolk,6184,969,2017 General Election,75485,17749,Con Hold,54235
312,W07000069,0.54015405,Neath,2936,629,2017 General Election,55862,12631,Lab Hold,38285
313,E14000613,0.539924714,Bury St Edmunds,7364,1010,2017 General Election,86071,18441,Con Hold,62160
314,E14001001,0.538913636,Totnes,8488,963,2017 General Election,68914,13477,Con Hold,50270
315,E14000909,0.538778694,Rutland and Melton,6719,969,2017 General Election,78463,23104,Con Hold,57569
316,E14000570,0.5372925725441476,Blackburn,2290,645,2017 General Election,70664,20368,Lab Hold,47515
317,E14000584,0.536906946,Bournemouth East,7622,909,2017 General Election,74591,7937,Con Hold,48618
318,E14000682,0.536814482,East Worthing and Shoreham,8272,838,2017 General Election,75525,5106,Con Hold,53117
319,E14001052,0.5367724331,Worcester,6594,777,2017 General Election,73893,2508,Con Hold,51423
320,E14000611,0.536670312,Bury North,4503,803,2017 General Election,67580,4375,Lab Gain,47903
321,W07000056,0.536570798,Newport West,4849,542,2017 General Election,64399,5658,Lab Hold,43438
322,E14000990,0.536487467,Tewkesbury,7171,1024,2017 General Election,81440,22574,Con Hold,59084
323,E14001026,0.536303482,Wells,8246,1034,2017 General Election,82451,7582,Con Hold,60843
324,E14000545,0.53598782,Basingstoke,7419,934,2017 General Election,81875,9466,Con Hold,55960
325,S14000007,0.535944111,Banff and Buchan,3040,602,2017 General Election,67601,3693,Con Gain,41643
326,E14000911,0.5359345748349591,Salford and Eccles,7982,708,2017 General Election,78080,19132,Lab Hold,47619
327,E14000665,0.535341945,Devizes,6548,1044,2017 General Election,72184,21136,Con Hold,50593
328,E14000757,0.534889703,Huntingdon,8048,1019,2017 General Election,84273,14475,Con Hold,59720
329,E14000841,0.534376055,North East Bedfordshire,7883,1051,2017 General Election,87505,20862,Con Hold,64220
330,E14000931,0.5334830853417555,Solihull,5936,833,2017 General Election,77789,20571,Con Hold,56748
331,E14000942,0.533380204,South Northamptonshire,8148,1176,2017 General Election,85759,22840,Con Hold,64998
332,E14000766,0.533250952528061,Keighley,5654,970,2017 General Election,71429,239,Lab Gain,51714
333,E14000759,0.533092042,Ilford North,5711,422,2017 General Election,70791,9639,Lab Hold,52941
334,E14000781,0.532661381,Leeds West,6080,732,2017 General Election,67955,15965,Lab Hold,42229
335,E14000586,0.532448746,Bracknell,7521,975,2017 General Election,79199,16016,Con Hold,55892
336,W07000067,0.532082359,Carmarthen East and Dinefwr,3896,678,2017 General Election,55976,3908,PC Hold,41029
337,E14000928,0.531871441,Skipton and Ripon,7211,1057,2017 General Election,78104,19985,Con Hold,58138
338,E14000614,0.5316421306437098,Calder Valley,7799,1079,2017 General Election,79045,609,Con Hold,58054
339,N06000009,0.5309208080307349,Lagan Valley,5227,648,2017 General Election,72380,19229,DUP Hold,44926
340,E14000822,0.53081404,Milton Keynes South,8454,993,2017 General Election,92417,1725,Con Hold,64486
341,W07000059,0.530131181,Clwyd West,4075,669,2017 General Election,58263,3437,Con Hold,40654
342,E14000988,0.5292471057,Taunton Deane,8254,1073,2017 General Election,85457,15887,Con Hold,63053
343,E14000926,0.529205779,Shrewsbury and Atcham,7223,898,2017 General Election,79043,6627,Con Hold,58203
344,E14000813,0.528804536,Mid Bedfordshire,7364,987,2017 General Election,84161,20983,Con Hold,63138
345,E14000997,0.528574319,Tonbridge and Malling,8545,918,2017 General Election,77417,23508,Con Hold,56907
346,E14001027,0.528225561,Welwyn Hatfield,7748,736,2017 General Election,72888,7369,Con Hold,51669
347,E14001023,0.527748349,Wealden,8909,1018,2017 General Election,81425,23628,Con Hold,60464
348,N06000017,0.5261715432718289,Upper Bann,4349,625,2017 General Election,80168,7992,DUP Hold,51258
349,E14000646,0.526126911,Congleton,6183,955,2017 General Election,76694,12619,Con Hold,56231
350,W07000078,0.525506701,Vale of Glamorgan,6229,838,2017 General Election,73959,2190,Con Hold,53718
351,E14001035,0.525193924,West Worcestershire,7464,938,2017 General Election,74375,21328,Con Hold,56471
352,E14000607,0.525137019,Broxtowe,7603,777,2017 General Election,74013,863,Con Hold,55508
353,E14000814,0.524707075,Mid Derbyshire,5642,774,2017 General Election,67466,11616,Con Hold,50371
354,E14000728,0.523664029,Harborough,6427,752,2017 General Election,78810,12429,Con Hold,57598
355,E14000775,0.523421607,Knowsley,4077,597,2017 General Election,81760,42214,Lab Hold,55483
356,E14000925,0.5221134451714469,Shipley,7069,907,2017 General Election,73133,4681,Con Hold,53395
357,E14000738,0.5220859152570758,Hazel Grove,5806,734,2017 General Election,63166,5514,Con Hold,44132
358,W07000058,0.521971173,Aberconwy,3569,539,2017 General Election,45251,635,Con Hold,32150
359,E14000994,0.521900806,Thornbury and Yate,6306,739,2017 General Election,67892,12071,Con Hold,50690
360,E14000794,0.521680356,"Liverpool, Walton",3491,427,2017 General Election,62738,32551,Lab Hold,42197
361,E14000686,0.521666686,Eddisbury,5637,787,2017 General Election,70272,11942,Con Hold,51319
362,E14000776,0.519890842,Lancaster and Fleetwood,6435,734,2017 General Election,67154,6661,Lab Hold,45989
363,E14000552,0.5194916652913022,Bedford,5806,528,2017 General Election,71829,789,Lab Gain,48480
364,N06000001,0.5194331216229027,Belfast East,5497,552,2017 General Election,63495,8474,DUP Hold,42890
365,E14000811,0.519275309,Meon Valley,6521,1026,2017 General Election,74246,25692,Con Hold,54192
366,W07000068,0.518550864,Brecon and Radnorshire,4762,614,2017 General Election,56010,8038,Con Hold,41334
367,E14000983,0.51851554,Surrey Heath,8110,1006,2017 General Election,80764,24943,Con Hold,57822
368,E14000756,0.518508416,Huddersfield,3990,601,2017 General Election,67037,12005,Lab Hold,43834
369,E14000690,0.5181526511313745,Eltham,7834,666,2017 General Election,64474,6296,Lab Hold,46155
370,E14000538,0.517879098,Aylesbury,7558,869,2017 General Election,82546,14656,Con Hold,58783
371,E14000884,0.5176303439962113,Portsmouth South,7580,778,2017 General Election,69785,1554,Lab Gain,44566
372,E14000559,0.5170760650290732,Birkenhead,4487,625,2017 General Election,64484,25514,Lab Hold,43663
373,E14000985,0.517,Sutton Coldfield,5814,835,2017 General Election,75652,15339,Con Hold,52858
374,E14000947,0.516530941,South Swindon,6699,813,2017 General Election,72372,2464,Con Hold,51271
375,E14000846,0.516345075,North East Somerset,8328,760,2017 General Election,71355,10235,Con Hold,54043
376,E14000635,0.515858182,Chippenham,8511,848,2017 General Election,76432,16630,Con Hold,57140
377,E14000644,0.515144818,Colchester,7673,899,2017 General Election,79996,5677,Con Hold,53545
378,E14000890,0.515101462,Reading West,7473,653,2017 General Election,74523,2876,Con Hold,51766
379,E14000563,0.515,"Birmingham, Hodge Hill",1799,372,2017 General Election,75698,31026,Lab Hold,46394
380,E14000845,0.514300732,North East Hertfordshire,8383,870,2017 General Election,75965,16835,Con Hold,55580
381,S14000009,0.51339391,"Caithness, Sutherland and Easter Ross",3230,388,2017 General Election,46868,2044,LD Gain,30901
382,E14000984,0.512838788,Sutton and Cheam,7953,660,2017 General Election,70404,12698,Con Hold,51970
383,E14000910,0.512395335,Saffron Walden,8621,1068,2017 General Election,83072,24966,Con Hold,60911
384,E14000664,0.512354118,Derbyshire Dales,7005,729,2017 General Election,64430,14327,Con Hold,49571
385,E14000566,0.512,"Birmingham, Perry Barr",2299,345,2017 General Election,70106,18383,Lab Hold,44197
386,E14001021,0.511519779,Watford,8165,710,2017 General Election,86507,2092,Con Hold,58610
387,E14001018,0.511100543,Warrington South,7622,961,2017 General Election,85617,2549,Lab Gain,61995
388,E14001031,0.510392986,West Dorset,9033,1067,2017 General Election,82277,19091,Con Hold,59598
389,E14000977,0.510016675,Stratford-on-Avon,7575,802,2017 General Election,72572,21958,Con Hold,53532
390,W07000041,0.5094200416,Ynys MÃ´n,3640,602,2017 General Election,52921,5259,Lab Hold,37367
391,E14000623,0.508869519,Central Devon,9113,990,2017 General Election,74370,15680,Con Hold,57844
392,E14000941,0.508843534,South Norfolk,7979,987,2017 General Election,83055,16678,Con Hold,61111
393,E14000745,0.5083652561,Hertsmere,7293,684,2017 General Election,73561,16951,Con Hold,52253
394,E14000784,0.508359919,Leicester West,3947,519,2017 General Election,64843,11060,Lab Hold,37512
395,E14000633,0.507327707,Chichester,9464,1112,2017 General Election,84991,22621,Con Hold,59918
396,E14000628,0.506832006,Chelmsford,7583,965,2017 General Election,81032,13572,Con Hold,56860
397,E14001024,0.50552837,Weaver Vale,5844,845,2017 General Election,69016,3928,Lab Gain,50613
398,E14000748,0.5054802765,High Peak,7736,805,2017 General Election,73248,2322,Lab Gain,53853
399,E14000678,0.504076662,East Devon,8571,1154,2017 General Election,82369,8036,Con Hold,60382
400,E14000651,0.503794929,Coventry South,6184,603,2017 General Election,70736,7947,Lab Hold,47009
401,E14000539,0.503477977,Banbury,9372,998,2017 General Election,83824,12399,Con Hold,61562
402,E14000932,0.503281438,Somerton and Frome,9993,1050,2017 General Election,84437,22906,Con Hold,63892
403,E14000654,0.5031024068820353,Croydon Central,7533,612,2017 General Election,80045,5652,Lab Gain,57091
404,E14000860,0.503021498,North Wiltshire,7724,908,2017 General Election,71408,22877,Con Hold,53706
405,W07000073,0.502766239,Bridgend,4106,588,2017 General Election,62185,4700,Lab Hold,43255
406,E14000797,0.500904207,Loughborough,6677,766,2017 General Election,79607,4269,Con Hold,54148
407,E14000645,0.500553492,Colne Valley,6928,963,2017 General Election,84387,915,Lab Gain,60420
408,E14000571,0.500392038,Blackley and Broughton,4068,514,2017 General Election,71648,19601,Lab Hold,40113
409,E14001010,0.4992311963439115,Wallasey,5057,705,2017 General Election,67454,23320,Lab Hold,48353
410,E14000912,0.499081401,Salisbury,7728,865,2017 General Election,72892,17333,Con Hold,53311
411,E14000634,0.49880471,Chingford and Woodford Green,7247,580,2017 General Election,65958,2438,Con Hold,46961
412,S14000046,0.4987319669,Moray,4764,578,2017 General Election,70649,4159,Con Gain,47605
413,E14000907,0.498469717,Runnymede and Weybridge,8793,870,2017 General Election,74888,18050,Con Hold,51609
414,E14000604,0.4982886934,Bromley and Chislehurst,8487,771,2017 General Election,65117,9590,Con Hold,46662
415,E14000796,0.498207198,"Liverpool, West Derby",4086,476,2017 General Election,65164,32908,Lab Hold,45163
416,E14000534,0.497011058,Arundel and South Downs,9807,1008,2017 General Election,79478,23883,Con Hold,60256
417,E14000821,0.496650905,Milton Keynes North,8986,1021,2017 General Election,89207,1915,Con Hold,63864
418,E14001059,0.496480992,Wythenshawe and Sale East,6691,635,2017 General Election,76361,14944,Lab Hold,45846
419,N06000002,0.4964475132592815,Belfast North,4851,431,2017 General Election,68249,2081,DUP Hold,45936
420,E14000906,0.495438455,"Ruislip, Northwood and Pinner",8322,641,2017 General Election,73427,13980,Con Hold,53382
421,E14000753,0.494864101,Horsham,9853,1037,2017 General Election,82772,23484,Con Hold,61987
422,E14000956,0.494121812,"Southampton, Test",7778,717,2017 General Election,70199,11503,Lab Hold,46903
423,W07000046,0.493087327,Gower,5190,530,2017 General Election,62163,3269,Lab Gain,45576
424,E14000680,0.492743694,East Hampshire,9123,883,2017 General Election,74151,25852,Con Hold,55408
425,E14000744,0.492372345,Hertford and Stortford,10140,905,2017 General Election,82339,19035,Con Hold,59992
426,E14000691,0.4921544261673582,Enfield North,5563,429,2017 General Election,68076,10247,Lab Hold,48565
427,E14000550,0.490062673,Beaconsfield,8869,800,2017 General Election,77524,24543,Con Hold,56028
428,E14000979,0.489054855,Stretford and Urmston,7514,631,2017 General Election,71833,19705,Lab Hold,50191
429,E14000608,0.488708672,Buckingham,9632,985,2017 General Election,79615,25725,Spk Hold,52679
430,E14000702,0.487730339,Filton and Bradley Stoke,8206,708,2017 General Election,72483,4190,Con Hold,50702
431,E14000886,0.485843639,Pudsey,7726,703,2017 General Election,72622,331,Con Hold,53959
432,E14001056,0.484619161,Wycombe,7794,624,2017 General Election,77087,6578,Con Hold,53493
433,S14000004,0.482443342,Angus,3883,398,2017 General Election,63840,2645,Con Gain,40192
434,W07000054,0.480645083,Monmouth,6866,641,2017 General Election,64909,8206,Con Hold,49734
435,E14000831,0.480030798,Newcastle upon Tyne Central,5520,477,2017 General Election,55368,14937,Lab Hold,37094
436,E14000893,0.479769787,Reigate,9456,871,2017 General Election,74628,17614,Con Hold,53823
437,N06000006,0.4797425591201637,East Londonderry,3400,367,2017 General Election,67038,8842,DUP Hold,41030
438,E14001032,0.479650184,West Ham,11086,377,2017 General Election,92418,36754,Lab Hold,60708
439,E14000708,0.479628137,Garston and Halewood,6250,582,2017 General Election,75248,32149,Lab Hold,53522
440,E14000991,0.479241838,The Cotswolds,9399,955,2017 General Election,80449,25499,Con Hold,59702
441,E14000830,0.478055628,Newbury,9316,980,2017 General Election,82924,24380,Con Hold,60849
442,E14000694,0.477807571,Epsom and Ewell,10280,820,2017 General Election,80029,20475,Con Hold,59266
443,N06000013,0.4764017475156756,North Down,5348,605,2017 General Election,64334,1208,Ind Hold,39185
444,E14001006,0.476370041,Tynemouth,7988,889,2017 General Election,77434,11666,Lab Hold,56858
445,S14000036,0.476138884,Glenrothes,3406,298,2017 General Election,66378,3267,SNP Hold,40399
446,E14000850,0.475836991,North Somerset,10586,835,2017 General Election,80529,17103,Con Hold,61994
447,E14000731,0.474785845400775,Harrow East,5274,298,2017 General Election,71755,1757,Con Hold,50845
448,W07000061,0.474282288,Dwyfor Meirionnydd,3603,454,2017 General Election,44699,4850,PC Hold,30348
449,E14000824,0.473113276,Mole Valley,10152,904,2017 General Election,74545,24137,Con Hold,56726
450,E14000560,0.473,"Birmingham, Edgbaston",6464,445,2017 General Election,68091,6917,Lab Hold,43612
451,E14000802,0.471837972,Macclesfield,8574,785,2017 General Election,75228,8608,Con Hold,54307
452,E14000730,0.471793551,Harrogate and Knaresborough,8573,790,2017 General Election,77280,18168,Con Hold,56740
453,E14000786,0.471421738,Lewes,11178,824,2017 General Election,70941,5508,Con Hold,54192
454,E14000601,0.4714179143,Bristol South,12568,714,2017 General Election,83012,15987,Lab Hold,54382
455,E14001037,0.470561736,Westmorland and Lonsdale,7477,691,2017 General Election,66391,777,LD Hold,51687
456,E14000567,0.469,"Birmingham, Selly Oak",7907,550,2017 General Election,74370,15207,Lab Hold,48985
457,E14000599,0.4679527183,Bristol East,9937,632,2017 General Election,72415,13394,Lab Hold,50799
458,E14000969,0.4678932178932179,Stockport,7110,535,2017 General Election,64236,14477,Lab Hold,41544
459,E14000589,0.46740854438475316,Bradford West,2559,350,2017 General Election,67568,21902,Lab Hold,45528
460,E14001042,0.46659077,Windsor,9344,866,2017 General Election,73595,22384,Con Hold,53921
461,E14000551,0.465816411,Beckenham,9338,663,2017 General Election,67925,15087,Con Hold,51630
462,E14001043,0.46548941644252134,Wirral South,5204,564,2017 General Election,57670,8323,Lab Hold,45195
463,W07000075,0.465109786,Pontypridd,4469,532,2017 General Election,60564,11448,Lab Hold,39894
464,E14000867,0.4646776483,Nottingham South,7095,506,2017 General Election,71182,15162,Lab Hold,48129
465,E14001015,0.46459651,Wantage,12132,928,2017 General Election,85786,17380,Con Hold,63602
466,E14000817,0.464405927,Mid Sussex,10678,923,2017 General Election,84170,19673,Con Hold,61632
467,E14001046,0.4634465746,Witney,10747,945,2017 General Election,82727,21241,Con Hold,60927
468,E14000958,0.462928366,Southport,5534,859,2017 General Election,69400,2914,Con Gain,47956
469,E14000679,0.462692813,East Ham,5558,262,2017 General Election,83928,39883,Lab Hold,56633
470,E14000675,0.46256092157731504,Ealing North,7521,310,2017 General Election,74764,19693,Lab Hold,52516
471,E14000767,0.462056819,Kenilworth and Southam,8056,722,2017 General Election,66319,18076,Con Hold,51321
472,E14000951,0.461954801,South West Hertfordshire,11058,807,2017 General Election,81087,19550,Con Hold,60653
473,E14000844,0.461789136,North East Hampshire,9620,929,2017 General Election,74576,27772,Con Hold,57627
474,E14000901,0.460755865,Romsey and Southampton North,7947,747,2017 General Election,67186,18046,Con Hold,50128
475,E14000777,0.45960968,Leeds Central,7498,767,2017 General Election,89537,23698,Lab Hold,47673
476,E14000980,0.458621591,Stroud,10915,935,2017 General Election,82839,687,Lab Gain,63816
477,E14001003,0.458503699,Truro and Falmouth,9852,883,2017 General Election,74683,3792,Con Hold,56647
478,E14000656,0.4580567492099587,Croydon South,9417,820,2017 General Election,83518,11406,Con Hold,61257
479,E14000987,0.456315582,Tatton,7458,805,2017 General Election,67874,14787,Con Hold,49116
480,E14000687,0.4550961719781256,Edmonton,3654,218,2017 General Election,65777,21115,Lab Hold,43678
481,W07000064,0.4537013739,Ceredigion,6160,578,2017 General Election,54262,104,PC Gain,39767
482,E14000746,0.453367357,Hexham,6613,719,2017 General Election,61053,9236,Con Hold,46224
483,E14000619,0.453274048,Canterbury,11383,877,2017 General Election,78182,187,Lab Gain,56800
484,E14000937,0.453048188,South East Cambridgeshire,13370,863,2017 General Election,86121,16158,Con Hold,63002
485,S14000013,0.451108539,Dumfries and Galloway,4858,524,2017 General Election,74206,5643,Con Gain,51599
486,E14000732,0.45056243167953736,Harrow West,7073,277,2017 General Election,69797,13314,Lab Hold,50355
487,E14000803,0.450257011,Maidenhead,10301,750,2017 General Election,76076,26457,Con Hold,58239
488,E14000631,0.4498498396,Chesham and Amersham,10319,767,2017 General Election,71654,22140,Con Hold,55252
489,E14000698,0.448278936,Exeter,11367,739,2017 General Election,77330,16117,Lab Hold,55423
490,S14000027,0.4476279944,Na h-Eileanan an Iar,1791,160,2017 General Election,21301,1007,SNP Hold,14818
491,E14001044,0.44690199582960977,Wirral West,5761,607,2017 General Election,55995,5365,Lab Hold,43951
492,E14000823,0.4468652380668139,Mitcham and Morden,7650,383,2017 General Election,68705,21375,Lab Hold,48118
493,E14001062,0.446677162,York Outer,8227,781,2017 General Election,75835,8289,Con Hold,57427
494,E14001004,0.446463372,Tunbridge Wells,10954,792,2017 General Election,74782,16465,Con Hold,54209
495,S14000014,0.446451668,"Dumfriesshire, Clydesdale and Tweeddale",5921,465,2017 General Election,67672,9441,Con Hold,48964
496,S14000037,0.442859814,Gordon,7002,475,2017 General Election,78531,2607,Con Gain,53685
497,E14001047,0.442519336,Woking,10599,745,2017 General Election,76170,16724,Con Hold,55246
498,S14000006,0.441115509,"Ayr, Carrick and Cumnock",4419,411,2017 General Election,71241,2774,Con Gain,46222
499,E14000916,0.440885873,Sefton Central,6251,574,2017 General Election,69019,15618,Lab Hold,52079
500,S14000030,0.4383731411,Glasgow East,3785,232,2017 General Election,66242,75,SNP Hold,36166
501,W07000079,0.438226362,Cardiff West,9031,430,2017 General Election,66775,12551,Lab Hold,46629
502,E14000597,0.435923134,"Brighton, Kemptown",11595,635,2017 General Election,67893,9868,Lab Gain,49207
503,S14000055,0.434930294,"Ross, Skye and Lochaber",6743,363,2017 General Election,53638,5919,SNP Hold,38454
504,W07000047,0.434007848,Swansea West,5568,486,2017 General Election,56892,10598,Lab Hold,37282
505,E14000641,0.43336734,City of Durham,6656,710,2017 General Election,71132,12364,Lab Hold,48324
506,E14000760,0.433097999,Ilford South,4660,202,2017 General Election,82487,31647,Lab Hold,57657
507,E14000593,0.43308903152905726,Brentford and Isleworth,15186,489,2017 General Election,85164,12182,Lab Hold,61629
508,S14000041,0.43261454,Kirkcaldy and Cowdenbeath,5492,355,2017 General Election,72721,259,Lab Gain,46193
509,S14000044,0.432609029,Livingston,7176,440,2017 General Election,81208,3878,SNP Hold,52505
510,S14000008,0.432586813,"Berwickshire, Roxburgh and Selkirk",6250,527,2017 General Election,73191,11060,Con Gain,52367
511,S14000001,0.430922087,Aberdeen North,6833,270,2017 General Election,62130,4139,SNP Hold,36757
512,E14000742,0.430858202,Henley,11675,767,2017 General Election,74997,22294,Con Hold,57099
513,E14000630,0.428989761,Cheltenham,10931,741,2017 General Election,78878,2569,Con Hold,57012
514,E14000591,0.428875883,Brent Central,9886,220,2017 General Election,80499,27997,Lab Hold,52296
515,E14000865,0.4287932214093995,Nottingham East,7233,389,2017 General Election,61760,19590,Lab Hold,39327
516,W07000080,0.428171979,Cardiff South and Penarth,8906,691,2017 General Election,76499,14864,Lab Hold,50736
517,E14001048,0.426940889,Wokingham,10871,818,2017 General Election,79111,18798,Con Hold,59690
518,E14000627,0.42653032637624316,Cheadle,8345,622,2017 General Election,73406,4507,Con Hold,54572
519,E14000592,0.426117511,Brent North,5941,221,2017 General Election,82567,17061,Lab Hold,56444
520,E14000783,0.424353547,Leicester South,6361,347,2017 General Election,75534,26261,Lab Hold,50517
521,S14000048,0.423965875,North Ayrshire and Arran,5118,359,2017 General Election,73176,3633,SNP Hold,47433
522,E14000640,0.422757087,City of Chester,8843,652,2017 General Election,72859,9176,Lab Hold,56421
523,S14000028,0.421058823,Falkirk,6821,424,2017 General Election,82240,4923,SNP Hold,53809
524,S14000043,0.42018303,Linlithgow and East Falkirk,7692,409,2017 General Election,86186,2919,SNP Hold,56094
525,E14000676,0.41826349122842515,"Ealing, Southall",6428,186,2017 General Election,65188,22090,Lab Hold,45145
526,E14001019,0.41640274,Warwick and Leamington,11324,616,2017 General Election,74237,1206,Lab Gain,54055
527,S14000010,0.416221328,Central Ayrshire,4648,311,2017 General Election,68999,1267,SNP Hold,45087
528,E14000600,0.4159740642,Bristol North West,11990,593,2017 General Election,75434,4761,Lab Gain,54096
529,E14000741,0.415741752,Hendon,8442,388,2017 General Election,76522,1072,Con Hold,52215
530,E14000697,0.415663302,Esher and Walton,13596,833,2017 General Election,80938,23298,Con Hold,59842
531,E14000908,0.414661238,Rushcliffe,10658,614,2017 General Election,74738,8010,Con Hold,58311
532,N06000007,0.4144275094480668,Fermanagh and South Tyrone,4176,289,2017 General Election,70601,875,SF Gain,53481
533,E14000719,0.41202344,Guildford,12697,704,2017 General Election,75291,17040,Con Hold,55509
534,N06000014,0.4118350045749071,South Antrim,4436,501,2017 General Election,68244,3208,DUP Gain,43170
535,E14000655,0.41168066041063994,Croydon North,9237,313,2017 General Election,87461,32365,Lab Hold,59623
536,E14000636,0.410745779,Chipping Barnet,12483,467,2017 General Election,77218,353,Con Hold,55423
537,E14000832,0.410712554,Newcastle upon Tyne East,8912,558,2017 General Election,61989,19261,Lab Hold,41637
538,S14000035,0.4086436703,Glasgow South West,4548,211,2017 General Election,62991,60,SNP Hold,35378
539,E14000770,0.408444531,Kingston and Surbiton,14177,618,2017 General Election,81588,4124,LD Gain,62178
540,E14000953,0.407497131,South West Surrey,13000,789,2017 General Election,78042,21590,Con Hold,60432
541,S14000016,0.407456334,Dundee West,6424,269,2017 General Election,62644,5262,SNP Hold,38677
542,S14000032,0.406576167,Glasgow North East,4595,201,2017 General Election,59931,242,Lab Gain,31775
543,E14000864,0.405303001,Norwich South,11739,537,2017 General Election,74182,15596,Lab Hold,51359
544,S14000051,0.402813083,Orkney and Shetland,3398,312,2017 General Election,34164,4563,LD Hold,23277
545,S14000039,0.401324389,"Inverness, Nairn, Badenoch and Strathspey",7754,460,2017 General Election,76844,4924,SNP Hold,52801
546,S14000054,0.399016464,Perth and North Perthshire,7196,413,2017 General Election,71762,21,SNP Hold,51525
547,S14000003,0.398381266,Airdrie and Shotts,3668,255,2017 General Election,64146,195,SNP Hold,38002
548,E14000749,0.39793519538378075,Hitchin and Harpenden,12846,628,2017 General Election,75916,12031,Con Hold,58783
549,E14001041,0.396373786,Winchester,12260,712,2017 General Election,72497,9999,Con Hold,57156
550,N06000010,0.3961000683784867,Mid Ulster,3511,184,2017 General Election,68485,12890,SF Hold,46694
551,S14000050,0.395023841,Ochil and South Perthshire,7540,421,2017 General Election,76767,3359,Con Gain,54168
552,S14000040,0.394546665,Kilmarnock and Loudoun,4875,316,2017 General Election,73327,6269,SNP Hold,46509
553,S14000005,0.3943239691,Argyll and Bute,7215,522,2017 General Election,67230,1328,SNP Hold,48069
554,S14000017,0.393928374,Dunfermline and West Fife,7629,417,2017 General Election,75672,844,SNP Hold,51010
555,S14000058,0.39168773,West Aberdeenshire and Kincardine,8079,433,2017 General Election,72477,7950,Con Gain,51625
556,W07000051,0.391478544,Cardiff North,9139,482,2017 General Election,67221,4174,Lab Gain,52022
557,E14001061,0.388206767,York Central,11662,666,2017 General Election,77315,18575,Lab Hold,53088
558,S14000011,0.387765475,"Coatbridge, Chryston and Bellshill",5135,229,2017 General Election,71198,1586,Lab Gain,45040
559,E14000532,0.385878,Altrincham and Sale West,10207,621,2017 General Election,73226,6426,Con Hold,52790
560,E14000934,0.384889637,South Cambridgeshire,16206,841,2017 General Election,85257,15952,Con Hold,64924
561,S14000015,0.384116704,Dundee East,5764,271,2017 General Election,65854,6645,SNP Hold,42928
562,E14000889,0.382533265,Reading East,12375,519,2017 General Election,75537,3749,Lab Gain,55238
563,E14000808,0.38212184,"Manchester, Gorton",7853,259,2017 General Election,75362,31730,Lab Hold,45953
564,E14000874,0.38029241,Oxford West and Abingdon,17523,625,2017 General Election,75574,816,LD Gain,60020
565,S14000059,0.3800555298,West Dunbartonshire,4909,262,2017 General Election,67602,2288,SNP Hold,44083
566,S14000045,0.3794096947,Midlothian,7151,253,2017 General Election,68328,885,Lab Gain,45273
567,E14000692,0.37884815862817267,"Enfield, Southgate",10274,374,2017 General Election,65210,4355,Lab Gain,48328
568,E14000960,0.37832281,St Albans,13747,574,2017 General Election,72811,6109,Con Hold,56998
569,S14000047,0.377103561,Motherwell and Wishaw,4292,295,2017 General Election,68215,318,SNP Hold,41926
570,S14000056,0.375699018,Rutherglen and Hamilton West,6633,317,2017 General Election,80098,265,Lab Gain,50872
571,E14000779,0.374228475,Leeds North East,10146,392,2017 General Election,70112,16991,Lab Hold,52999
572,N06000011,0.3705711789005402,Newry and Armagh,4979,276,2017 General Election,78266,12489,SF Hold,53579
573,S14000012,0.369891249,"Cumbernauld, Kilsyth and Kirkintilloch East",5750,272,2017 General Election,66554,4264,SNP Hold,43833
574,S14000019,0.369324131,"East Kilbride, Strathaven and Lesmahagow",7371,328,2017 General Election,80442,3866,SNP Hold,54102
575,E14000807,0.363565763,Manchester Central,11446,504,2017 General Election,90261,31445,Lab Hold,49720
576,S14000049,0.363147835,North East Fife,8133,372,2017 General Election,58685,2,SNP Hold,41822
577,S14000038,0.3620342137,Inverclyde,4623,258,2017 General Election,58853,384,SNP Hold,39093
578,S14000042,0.359562057,Lanark and Hamilton East,5912,341,2017 General Election,77313,266,SNP Hold,50470
579,W07000057,0.35845443,Arfon,5378,277,2017 General Election,41367,92,PC Hold,28208
580,E14000718,0.356656796,Greenwich and Woolwich,15261,485,2017 General Election,77190,20714,Lab Hold,53106
581,E14000564,0.356,"Birmingham, Ladywood",5248,219,2017 General Election,70023,28714,Lab Hold,41307
582,S14000052,0.355479443,Paisley and Renfrewshire North,6558,297,2017 General Election,67436,2613,SNP Hold,46615
583,E14000780,0.354060965,Leeds North West,8861,518,2017 General Election,68152,4224,Lab Gain,46287
584,S14000020,0.3539559572,East Lothian,9888,374,2017 General Election,79093,3083,Lab Gain,55878
585,E14000787,0.353705046,Lewisham East,10633,393,2017 General Election,68124,21213,Lab Hold,47201
586,E14000795,0.352616254,"Liverpool, Wavertree",6963,379,2017 General Election,62411,29466,Lab Hold,43640
587,S14000053,0.347952793,Paisley and Renfrewshire South,5834,280,2017 General Election,61344,2541,SNP Hold,41712
588,E14000790,0.34755182,Leyton and Wanstead,11776,276,2017 General Election,65149,22607,Lab Hold,46173
589,E14000788,0.345920578,Lewisham West and Penge,15892,419,2017 General Election,72899,23162,Lab Hold,53196
590,E14000882,0.34207637,Poplar and Limehouse,16489,465,2017 General Election,87331,27712,Lab Hold,58814
591,E14000922,0.340060651,"Sheffield, Hallam",12012,502,2017 General Election,73455,2125,Lab Gain,57020
592,E14001036,0.336548028,Westminster North,14131,380,2017 General Election,63846,11512,Lab Hold,43295
593,E14000562,0.336,"Birmingham, Hall Green",6961,243,2017 General Election,78271,33944,Lab Hold,54310
594,E14001013,0.3348858552254216,Walthamstow,13915,263,2017 General Election,67957,32017,Lab Hold,48143
595,E14001005,0.333158577,Twickenham,19478,692,2017 General Election,83362,9762,LD Gain,66290
596,N06000018,0.33152676140762755,West Tyrone,3601,156,2017 General Election,64009,10342,SF Hold,43486
597,E14000755,0.329468448,Hove,17821,578,2017 General Election,74236,18757,Lab Hold,57596
598,N06000015,0.3275612670593908,South Down,6184,288,2017 General Election,75685,2446,SF Gain,50893
599,E14000873,0.325263375,Oxford East,16954,428,2017 General Election,78350,23284,Lab Hold,53896
600,S14000057,0.322849138,Stirling,9634,288,2017 General Election,66415,148,Con Gain,49356
601,S14000002,0.321431052,Aberdeen South,8197,356,2017 General Election,64964,4752,Con Gain,44493
602,W07000050,0.320145785,Cardiff Central,9145,296,2017 General Election,59288,17196,Lab Hold,40367
603,E14000919,0.319119726,Sheffield Central,12520,381,2017 General Election,77560,27748,Lab Hold,47877
604,E14000547,0.317245489,Bath,14455,430,2017 General Election,66778,5694,LD Gain,49583
605,S14000033,0.3149285296,Glasgow North West,8423,218,2017 General Election,63773,2561,SNP Hold,38844
606,E14000615,0.314817703,Camberwell and Peckham,17939,267,2017 General Election,85613,37316,Lab Hold,57412
607,E14000726,0.313136338,Hammersmith,17408,419,2017 General Election,72803,18651,Lab Hold,52252
608,E14000768,0.312045861,Kensington,16792,436,2017 General Election,60588,20,Lab Gain,38677
609,E14000703,0.311007869,Finchley and Golders Green,15406,363,2017 General Election,73329,1657,Con Hold,52385
610,E14000555,0.308583952,Bethnal Green and Bow,19200,323,2017 General Election,86075,35393,Lab Hold,59825
611,N06000003,0.30514408833827095,Belfast South,11560,310,2017 General Election,66105,1996,DUP Gain,43705
612,E14001040,0.2936939467506671,Wimbledon,16527,438,2017 General Election,66780,5622,Con Hold,51526
613,E14000674,0.29150280588573196,Ealing Central and Acton,18225,431,2017 General Election,74200,13807,Lab Hold,55342
614,E14000629,0.290990556,Chelsea and Fulham,15999,576,2017 General Election,63728,8188,Con Hold,42128
615,S14000026,0.2876601964,Edinburgh West,11553,289,2017 General Election,71500,2988,LD Gain,52795
616,S14000029,0.2875060852,Glasgow Central,11257,196,2017 General Election,64346,2267,SNP Hold,35984
617,E14000896,0.286856313,Richmond Park,21823,657,2017 General Election,80025,45,Con Hold,63330
618,E14000764,0.2828310010764263,Islington South and Finsbury,18731,426,2017 General Election,69536,20263,Lab Hold,48049
619,S14000034,0.2819188863,Glasgow South,10452,195,2017 General Election,69126,2027,SNP Hold,44550
620,E14000639,0.280536728,Cities of London and Westminster,19213,712,2017 General Election,61533,3148,Con Hold,38654
621,S14000025,0.2786164648,Edinburgh South West,13695,276,2017 General Election,71178,1097,SNP Hold,49390
622,E14000887,0.277642331,Putney,16055,443,2017 General Election,65031,1554,Con Hold,46894
623,S14000022,0.2763678537,Edinburgh East,14863,227,2017 General Election,65896,3425,SNP Hold,43523
624,E14000793,0.27300662,"Liverpool, Riverside",11544,353,2017 General Election,76332,35947,Lab Hold,48020
625,S14000018,0.268681963,East Dunbartonshire,9890,230,2017 General Election,66300,5339,LD Gain,51801
626,E14000750,0.2665874363327674,Holborn and St Pancras,22385,484,2017 General Election,88088,30509,Lab Hold,58997
627,E14000617,0.2622527310304104,Cambridge,22389,420,2017 General Election,78544,12661,Lab Hold,55934
628,E14000553,0.260503273,Bermondsey and Old Southwark,19818,546,2017 General Election,87282,12972,Lab Hold,58521
629,N06000004,0.2594338110352345,Belfast West,3843,171,2017 General Election,62423,21652,SF Hold,40633
630,E14000598,0.259335501,"Brighton, Pavilion",22933,483,2017 General Election,75486,14699,Green Hold,57687
631,S14000021,0.2568141894,East Renfrewshire,9679,265,2017 General Election,70067,4712,Con Gain,53738
632,E14000998,0.255875841,Tooting,17986,331,2017 General Election,77971,15458,Lab Hold,58171
633,E14000752,0.249829100278698,Hornsey and Wood Green,25653,313,2017 General Election,79946,30738,Lab Hold,62293
634,E14000809,0.249385986,"Manchester, Withington",15515,271,2017 General Election,74654,29875,Lab Hold,53602
635,E14000789,0.244262123,"Lewisham, Deptford",19611,283,2017 General Election,78468,34899,Lab Hold,55112
636,E14001002,0.23777026334665438,Tottenham,13017,182,2017 General Election,72884,34584,Lab Hold,49339
637,E14000727,0.237253193,Hampstead and Kilburn,22845,313,2017 General Election,82957,15560,Lab Hold,58407
638,E14000673,0.229374207,Dulwich and West Norwood,21174,283,2017 General Election,78037,28129,Lab Hold,56116
639,E14000721,0.227822618,Hackney South and Shoreditch,21270,249,2017 General Election,83099,37931,Lab Hold,55354
640,E14001008,0.2242839619,Vauxhall,19717,288,2017 General Election,82055,20250,Lab Hold,55042
641,S14000024,0.2215338737,Edinburgh South,16006,194,2017 General Election,64553,15514,Lab Hold,47840
642,E14000549,0.220467405,Battersea,19312,413,2017 General Election,77574,2416,Lab Gain,55058
643,S14000023,0.2179552346,Edinburgh North and Leith,21860,265,2017 General Election,79473,1625,SNP Hold,56552
644,N06000008,0.21735946691400815,Foyle,6534,146,2017 General Election,70324,169,SF Gain,45965
645,S14000031,0.2162047426,Glasgow North,11665,155,2017 General Election,53862,1060,SNP Hold,33473
646,E14000763,0.21611123620806125,Islington North,21642,274,2017 General Election,74831,33215,Lab Hold,54928
647,E14000602,0.2071150843,Bristol West,29357,395,2017 General Election,93003,37336,Lab Hold,71608
648,E14000978,0.2053967406,Streatham,19362,247,2017 General Election,78649,26285,Lab Hold,55795
649,E14000720,0.204807893,Hackney North and Stoke Newington,22453,213,2017 General Election,85058,35139,Lab Hold,56298
